neighborhood,tip %
Diamond District,0.20777092
Koreatown,0.206925572
Murray Hill,0.205153647
San Juan Hill,0.204590502
Chelsea,0.203399539
Tudor City,0.203345215
Flatiron,0.20321767
Rose Hill,0.201676071
Greenwich Village,0.201332931
East Village,0.200057528
Lincoln Towers,0.199946597
Hell's Kitchen,0.199663159
Fulton Houses,0.199347746
Upper East Side,0.198059381
Yorkville,0.195212031
