neighborhood,dropoff %
Upper East Side,0.079099839
Yorkville,0.070447671
Diamond District,0.066308906
Tudor City,0.054015949
Koreatown,0.053453405
Murray Hill,0.043495702
San Juan Hill,0.040098203
Flatiron,0.038229571
Fulton Houses,0.037651075
Lincoln Towers,0.033767685
Other,0.483431993
